Name,Address,Source
PROP_RTC,0x000000A0,ML_SYM
current_interrupt,0x0000064C,ML_SYM
create_init_task,0x00003168,ML_SYM
DryosDebugMsg,0x00006904,ML_SYM
dm_set_store_level,0x00006C70,ML_SYM
SetHPTimerAfterNow,0x00007F94,EVENTPROC
SetHPTimerNextTick,0x00008094,EVENTPROC
create_named_semaphore,0x000091DC,ML_SYM
take_semaphore_now,0x000092E4,ML_SYM
take_semaphore,0x0000933C,ML_SYM
give_semaphore,0x00009428,ML_SYM
msleep,0x00009818,ML_SYM
task_create,0x000098CC,ML_SYM
GetSizeOfMaxRegion,0x0000A4A8,ML_SYM
GetMemoryInformation,0x0000A4FC,ML_SYM
AllocateMemory,0x0000A75C,ML_SYM
FreeMemory,0x0000AAF8,ML_SYM
CreateMemoryChunk,0x0000B45C,ML_SYM
GetMemoryAddressOfMemoryChunk,0x0000BA08,ML_SYM
AddMemoryChunk,0x0000BC70,ML_SYM
GetFirstChunkFromSuite,0x0000BD8C,ML_SYM
DeleteMemorySuite,0x0000C070,ML_SYM
CreateMemorySuite,0x0000C420,ML_SYM
GetNextMemoryChunk,0x0000CA90,ML_SYM
CreateRecursiveLock,0x0000D4D0,ML_SYM
dma_memcpy,0x0000D834,ML_SYM
SetTimerAfter,0x0000E8AC,EVENTPROC
CancelTimer,0x0000EAAC,ML_SYM
task_trampoline,0x0000EF60,ML_SYM
SetEDmac,0x00037DD0,EVENTPROC
ConnectWriteEDmac,0x00037F30,ML_SYM
ConnectReadEDmac,0x00037FF4,ML_SYM
StartEDmac,0x0003817C,ML_SYM
AbortEDmac,0x000384A0,ML_SYM
RegisterEDmacCompleteCBR,0x00038540,ML_SYM
UnregisterEDmacCompleteCBR,0x0003857C,ML_SYM
RegisterEDmacAbortCBR,0x000385D4,ML_SYM
UnregisterEDmacAbortCBR,0x00038610,ML_SYM
RegisterEDmacPopCBR,0x00038668,ML_SYM
UnregisterEDmacPopCBR,0x000386A4,ML_SYM
msg_queue_create,0x0003A4E8,ML_SYM
msg_queue_receive,0x0003A5F8,ML_SYM
msg_queue_post,0x0003A7E4,ML_SYM
msg_queue_count,0x0003A824,ML_SYM
AcquireRecursiveLock,0x0003A930,ML_SYM
ReleaseRecursiveLock,0x0003AA44,ML_SYM
vsnprintf,0x0003BFC4,ML_SYM
TryPostStageEvent,0x0003D644,ML_SYM
TryPostStageEvent_end,0x0003D6A0,ML_SYM
TryPostEvent,0x0003DD24,ML_SYM
TryPostEvent_end,0x0003DD80,ML_SYM
alloc_dma_memory,0x0003DF6C,ML_SYM
free_dma_memory,0x0003DFA0,ML_SYM
get_task_info_by_id,0x00051358,ML_SYM
socket_create,0x00059AF8,ML_SYM
socket_recv,0x00059CE8,ML_SYM
socket_connect,0x00059DDC,ML_SYM
socket_bind,0x00059E94,ML_SYM
socket_send,0x0005A09C,ML_SYM
socket_setsockopt,0x0005A810,ML_SYM
socket_listen,0x0005A9D0,ML_SYM
bzero32,0x00071618,ML_SYM
pre_isr_hook,0x0007A9B8,ML_SYM
post_isr_hook,0x0007A9BC,ML_SYM
current_task,0x0007AAC0,ML_SYM
task_dispatch_hook,0x0007AAD4,ML_SYM
gui_main_struct,0x0007AE14,ML_SYM
sounddev,0x0007B1F8,ML_SYM
dm_names,0x0007B868,ML_SYM
task_max,0x0007BEF4,ML_SYM
mvr_config,0x000946E0,ML_SYM
gui_task_list,0x0009DBC8,ML_SYM
sd_device,0x000A8118,ML_SYM
LCD_Palette,0x000BC2E8,ML_SYM
bmp_vram_info,0x000BDAE8,ML_SYM
get_current_task_name,0x00453550,ML_SYM
__priv_malloc,0x00455CB4,ML_SYM
__mem_malloc,0x004570B8,ML_SYM
shoot_malloc_suite,0x00457578,ML_SYM
edmac_index_to_channel,0x004576F8,ML_SYM
edmac_get_connection,0x00457954,ML_SYM
edmac_bytes_per_transfer,0x00457BCC,ML_SYM
menu_remove,0x0045C6AC,ML_SYM
run_in_separate_task,0x0045D1A8,ML_SYM
ml_gui_main_task,0x004632D0,ML_SYM
raw2shutter_ms,0x0046CE98,ML_SYM
shutter_ms_to_raw,0x0046CEEC,ML_SYM
raw2iso,0x0046DDC8,ML_SYM
val2raw_iso,0x0046E1C8,ML_SYM
split_iso,0x0046E630,ML_SYM
iso_components_update,0x0046E684,ML_SYM
bv_apply_iso,0x0046F618,ML_SYM
lens_set_rawiso,0x0046FA8C,ML_SYM
hdr_set_rawiso,0x0046FC80,ML_SYM
get_max_analog_iso,0x0046FD84,ML_SYM
prop_init,0x00470068,ML_SYM
is_movie_mode,0x004707C4,ML_SYM
get_video_mode_name,0x004707F0,ML_SYM
get_max_shutter_timer,0x0047651C,ML_SYM
schedule_remote_shot,0x0047DB24,ML_SYM
remote_shot,0x0047E00C,ML_SYM
GetBatteryLevel,0x00482334,ML_SYM
ml_register_cbr,0x00487838,ML_SYM
edmac_memcpy,0x0048CAD4,ML_SYM
edmac_raw_slurp,0x0048CAEC,ML_SYM
sound_recording_enabled_canon,0x0048FBAC,ML_SYM
sound_recording_enabled,0x0048FBC4,ML_SYM
get_audio_levels,0x0048FCAC,ML_SYM
audio_configure,0x0049025C,ML_SYM
mirror_down,0x004C8AF8,ML_SYM
battery_level_bars,0x004C8B0C,ML_SYM
sound_recording_mode,0x004C8B10,ML_SYM
auto_power_off_time,0x004C8B18,ML_SYM
shutter_count,0x004C8B3C,ML_SYM
camera_model_id,0x004C8B6C,ML_SYM
camera_model,0x004C8B70,ML_SYM
camera_serial,0x004C8BC0,ML_SYM
remote_shot_flag,0x004CAC90,ML_SYM
PROP_AFMA,0x80010006,ML_SYM
PROP_LV_LENS,0x80050000,ML_SYM
camera_engine,0xC0220000,ML_SYM
cstart,0xFF0C1BA8,ML_SYM
init_task,0xFF0C54CC,ML_SYM
malloc,0xFF0C8DE4,ML_SYM
free,0xFF0C8E3C,ML_SYM
gui_main_task,0xFF0D97AC,ML_SYM
GUI_Control,0xFF0D9B7C,ML_SYM
GUI_ChangeMode,0xFF0D9D38,ML_SYM
gui_init_end,0xFF0DA220,ML_SYM
SRM_AllocateMemoryResourceFor1stJob,0xFF0E9F6C,ML_SYM
SRM_FreeMemoryResourceFor1stJob,0xFF0EE02C,ML_SYM
StartASIFDMAADC,0xFF1172E0,ML_SYM
StopASIFDMAADC,0xFF11758C,ML_SYM
StartASIFDMADAC,0xFF1176B4,ML_SYM
StopASIFDMADAC,0xFF117934,ML_SYM
SetNextASIFADCBuffer,0xFF117DFC,EVENTPROC
SetNextASIFDACBuffer,0xFF117FE4,EVENTPROC
sounddev_task,0xFF118F5C,ML_SYM
SoundDevActiveIn,0xFF11936C,ML_SYM
SoundDevShutDownIn,0xFF1195C4,ML_SYM
SetAudioVolumeIn,0xFF11970C,EVENTPROC
prop_register_slave,0xFF12A924,ML_SYM
prop_request_change,0xFF12AB14,ML_SYM
prop_deliver,0xFF12B090,ML_SYM
prop_cleanup,0xFF12B15C,ML_SYM
PROPAD_GetPropertyData,0xFF12CB14,ML_SYM
TurnOnDisplay,0xFF13B210,EVENTPROC
TurnOffDisplay,0xFF13B334,EVENTPROC
EnableHDMIAudio,0xFF13BC5C,EVENTPROC
LoadCalendarFromRTC,0xFF13D2A0,ML_SYM
audio_ic_read,0xFF13F208,ML_SYM
SetAudioVolumeOut,0xFF13F728,EVENTPROC
PowerMicAmp,0xFF13FDE0,ML_SYM
SetSamplingRate,0xFF13FE14,EVENTPROC
PowerAudioOutput,0xFF14169C,ML_SYM
call,0xFF14439C,ML_SYM
DisablePowerSave,0xFF14455C,EVENTPROC
EnablePowerSave,0xFF1445C8,EVENTPROC
AllocateMemoryResource,0xFF147F3C,ML_SYM
AllocateContinuousMemoryResource,0xFF147F88,ML_SYM
FreeMemoryResource,0xFF1480A0,ML_SYM
socket_close_caller,0xFF14F74C,ML_SYM
DisablePowerSave,0xFF162FA8,EVENTPROC
FA_SetTouchTestTime,0xFF193BCC,EVENTPROC
FA_SetTouchIntervalTime,0xFF193BDC,EVENTPROC
FA_IncreaseGap,0xFF195E18,EVENTPROC
FA_DecreaseGap,0xFF195E78,EVENTPROC
FA_CheckSD,0xFF195ED8,EVENTPROC
SetGUIRequestMode,0xFF196950,EVENTPROC
Gui_SetSoundRecord,0xFF1A48F8,ML_SYM
FA_ResetCalendar,0xFF1CE888,EVENTPROC
FA_SetCalendar,0xFF1CE8F8,EVENTPROC
FA_GetCalendar,0xFF1CEA48,EVENTPROC
FA_CreateTestImage,0xFF1CEE18,EVENTPROC
FA_DeleteTestImage,0xFF1CF00C,EVENTPROC
FA_StartLiveView,0xFF1CFE00,EVENTPROC
FA_StopLiveView,0xFF1CFE30,EVENTPROC
FA_StartLvTestImage,0xFF1D00B8,EVENTPROC
FA_StopLvTestImage,0xFF1D0104,EVENTPROC
FA_StartLvTestExposureImage,0xFF1D0144,EVENTPROC
FA_StopLvTestExposureImage,0xFF1D0190,EVENTPROC
FA_ReadEepromData,0xFF1D04C4,EVENTPROC
FA_WriteEepromData,0xFF1D0510,EVENTPROC
FA_LvDefectMaxCountFull,0xFF1D0FA0,EVENTPROC
FA_LvDetectDefectsFull,0xFF1D0FA8,EVENTPROC
FA_LvDefectMaxCountMagnify,0xFF1D0FE0,EVENTPROC
FA_LvDetectDefectsMagnify,0xFF1D0FE8,EVENTPROC
FA_LvMargeDefectsMagnify,0xFF1D1020,EVENTPROC
FA_LvDetectDefectsMovieCrop,0xFF1D1068,EVENTPROC
FA_DISP_Start100White,0xFF1D10C4,EVENTPROC
FA_DISP_End100White,0xFF1D10FC,EVENTPROC
FA_DISP_Start50Gray,0xFF1D112C,EVENTPROC
FA_DISP_End50Gray,0xFF1D1164,EVENTPROC
FA_DISP_StartColor,0xFF1D1294,EVENTPROC
FA_DISP_EndColor,0xFF1D12E8,EVENTPROC
FA_DISP_StartMix,0xFF1D1318,EVENTPROC
FA_DISP_SetBrightness,0xFF1D1358,EVENTPROC
FA_DISP_COM_SetCamera,0xFF1D1364,EVENTPROC
FA_DarkAdjAutoExecute,0xFF1D18FC,EVENTPROC
FA_SetProperty,0xFF1D21E4,EVENTPROC
FA_CreateTestImage,0xFF1D21F8,EVENTPROC
FA_DeleteTestImage,0xFF1D2304,EVENTPROC
FA_SavePropertyList,0xFF1D2B5C,EVENTPROC
FA_DarkCheckAutoExecutePP,0xFF1D2C94,EVENTPROC
FA_DarkCheckAutoExecuteCH,0xFF1D324C,EVENTPROC
FA_StartLvTestImage,0xFF1D3C84,EVENTPROC
FA_DarkLevelCheckAutoExecute,0xFF1D5B68,EVENTPROC
FA_ChkAssembly,0xFF1D5E4C,EVENTPROC
FA_ChkWlan,0xFF1D5EB4,EVENTPROC
ptpPropSetUILock,0xFF27C868,ML_SYM
GUI_SetRollingPitchingLevelStatus,0xFF27D010,ML_SYM
InitializePTPFrameworkController,0xFF29CE68,ML_SYM
TerminatePTPFrameworkController,0xFF29CF2C,ML_SYM
ptp_register_handler,0xFF29F7BC,ML_SYM
mvrSetDefQScale,0xFF2BB154,ML_SYM
mvrSetFullHDOptSize,0xFF2BB18C,ML_SYM
mvrSetGopOptSizeFULLHD,0xFF2BB370,ML_SYM
mvrFixQScale,0xFF2BB65C,ML_SYM
EngDrvOut,0xFF2BC3AC,ML_SYM
shamem_read,0xFF2BC448,ML_SYM
engio_write,0xFF2BC6C4,ML_SYM
CreateResLockEntry,0xFF2C049C,ML_SYM
LockEngineResources,0xFF2C095C,ML_SYM
UnLockEngineResources,0xFF2C0B00,ML_SYM
FA_RecordSound,0xFF316C14,EVENTPROC
FA_RecordSoundEnd,0xFF316EFC,EVENTPROC
FA_MacSelfCheck,0xFF325CA8,EVENTPROC
EnableFilter,0xFF32C464,EVENTPROC
DisableFilter,0xFF32C478,EVENTPROC
EnableFilterForHDMI,0xFF32C48C,EVENTPROC
DisableFilterForHDMI,0xFF32C4A0,EVENTPROC
SetDisplayType,0xFF32C554,EVENTPROC
TCH_SetWaitingTime,0xFF3353E8,EVENTPROC
TCH_SetOpe2SysTime,0xFF335430,EVENTPROC
TCH_SetMutualLocaliDacValue,0xFF335588,EVENTPROC
TCH_SetMutualGainValue,0xFF3355C4,EVENTPROC
TCH_SetGainParamForSelfScan,0xFF3356A0,EVENTPROC
TCH_CheckTouchICVersion,0xFF3359B8,EVENTPROC
FIO_OpenFile,0xFF34AEEC,ML_SYM
FIO_CreateFile,0xFF34AFA8,ML_SYM
FIO_RemoveFile,0xFF34B054,ML_SYM
FIO_ReadFile,0xFF34B0FC,ML_SYM
FIO_SeekSkipFile,0xFF34B1AC,ML_SYM
FIO_WriteFile,0xFF34B29C,ML_SYM
FIO_CloseFile,0xFF34B34C,ML_SYM
FIO_GetFileSize,0xFF34B4C8,ML_SYM
FIO_RenameFile,0xFF34B9E0,ML_SYM
FIO_CreateDirectory,0xFF34BBA8,ML_SYM
FIO_FindFirstEx,0xFF34C170,ML_SYM
FIO_FindNextEx,0xFF34C264,ML_SYM
FIO_FindClose,0xFF34C344,ML_SYM
dialog_set_property_str,0xFF392A7C,ML_SYM
ProcessPathForFurikake,0xFF42A9EC,ML_SYM
FA_SetProperty,0xFF4A6EC0,EVENTPROC
FA_SetProperty32,0xFF4A6F98,EVENTPROC
FA_GetPropertyDataSize,0xFF4A71A0,EVENTPROC
FA_GetProperty,0xFF4A71C8,EVENTPROC
FA_GetPropertyAddress,0xFF4A7204,EVENTPROC
FA_SaveProperty,0xFF4A7254,EVENTPROC
FA_SavePropertyList,0xFF4A75A4,EVENTPROC
FA_LoadProperty,0xFF4A77B4,EVENTPROC
FA_SetDetectDefThreshold,0xFF4A8200,EVENTPROC
FA_SetHLinePixelNum,0xFF4A8270,EVENTPROC
FA_SetMergeDefParameter,0xFF4A829C,EVENTPROC
FA_DefectsTestImage,0xFF4A85BC,EVENTPROC
FA_DetectDefTestImage,0xFF4A8648,EVENTPROC
FA_DefectsMergeTestImage,0xFF4A8AB4,EVENTPROC
FA_ProjectionTestImage,0xFF4A8B30,EVENTPROC
FA_ProjectionTestImageEx,0xFF4A8DD4,EVENTPROC
FA_ProjectionTestImageV,0xFF4A8F6C,EVENTPROC
FA_AdjustWhiteBalance,0xFF4A9C50,EVENTPROC
FA_SaveWbFix,0xFF4A9CB0,EVENTPROC
FA_ReverseAdjust,0xFF4A9CE8,EVENTPROC
FA_SetWbCoef,0xFF4A9F04,EVENTPROC
FA_SetSsWbCoef,0xFF4A9FC0,EVENTPROC
FA_GetWbCoef,0xFF4AA050,EVENTPROC
FA_GetSsWbCoef,0xFF4AA06C,EVENTPROC
FA_SetColor,0xFF4AA25C,EVENTPROC
FA_MovieStart,0xFF4ADD2C,EVENTPROC
FA_MovieEnd,0xFF4ADDD4,EVENTPROC
FA_GetFileSize,0xFF4ADE44,EVENTPROC
FA_GetFileData,0xFF4AE014,EVENTPROC
FA_DeleteFile,0xFF4AE110,EVENTPROC
dialog_redraw,0xFF4E0E80,ML_SYM
MirrorDisplay,0xFF504650,ML_SYM
ReverseDisplay,0xFF504680,ML_SYM
NormalDisplay,0xFF5046B0,ML_SYM
ErrForCamera_handler,0xFF53CF40,ML_SYM
CancelDateTimer,0xFF549070,ML_SYM
HideUnaviFeedBack_maybe,0xFF5568AC,ML_SYM
LiveViewApp_handler,0xFF55CA40,ML_SYM
LiveViewApp_handler_BL_JudgeBottomInfoDispTimerState,0xFF55D838,ML_SYM
LiveViewApp_handler_end,0xFF55F1CC,ML_SYM
ShootOlcApp_handler,0xFF56A160,ML_SYM
PlayMovieGuideApp_handler,0xFF5886E0,ML_SYM
PACK16_Setup,0xFF63D818,ML_SYM
fsuDecodePartitionTable,0xFF67BD28,ML_SYM
GetCFnData,0xFF6C8054,ML_SYM
SetCFnData,0xFF6C813C,EVENTPROC
LiveViewLevelApp_handler,0xFF6EEB9C,ML_SYM
ErrCardForLVApp_handler,0xFF6F03C4,ML_SYM
LiveViewShutterApp_handler,0xFF745794,ML_SYM
LiveViewWifiApp_handler,0xFF7523B4,ML_SYM
PlayMain_handler,0xFF776250,ML_SYM
ptpip_bind_param,0xFF7AEE18,ML_SYM
ptpip_open_server,0xFF7AEE80,ML_SYM
ptpip_listen_close,0xFF7AEFCC,ML_SYM
ptpip_sock_accept,0xFF7AF160,ML_SYM
ptpip_sock_create,0xFF7AF220,ML_SYM
ptpip_create_client,0xFF7AF2CC,ML_SYM
ptpip_close_server,0xFF7AF344,ML_SYM
socket_close_if_valid,0xFF7AF380,ML_SYM
ptpip_set_keepalive,0xFF7AF38C,ML_SYM
ptpip_errno_handler,0xFF7AF3B4,ML_SYM
audio_thresholds,0xFFA1844C,ML_SYM
FA_SetCalendar,0xFF1CE8F8,EVENTPROC
FA_ResetCalendar,0xFF1CE888,EVENTPROC
FA_CreateTestImage,0xFF1CEE18,EVENTPROC
FA_GetCrawBuf,0xFF1CF9F4,EVENTPROC
FA_GetCaptureWinAddress,0xFF1CFA18,EVENTPROC
FA_GetBlockIntegBuf,0xFF1CFA44,EVENTPROC
FA_EnableAF,0xFF1CEB18,EVENTPROC
FA_DisableAF,0xFF1CEB10,EVENTPROC
FA_SetupDigitalPropertyData,0xFF1D03D0,EVENTPROC
FA_GetCheckFlagBoardInf,0xFF1D0444,EVENTPROC
FA_GetCheckProgramVersionBoardInf,0xFF1D046C,EVENTPROC
FA_GetCheckModelNoInf,0xFF1D0494,EVENTPROC
FA_CopyVideoBoardInf,0xFF1D0584,EVENTPROC
FA_CopyAVoltageBoardInf,0xFF1D04BC,EVENTPROC
FA_CopySecurityBoardInf,0xFF1D07C8,EVENTPROC
FA_CopyVistaUniqueID,0xFF1D092C,EVENTPROC
FA_ReadEepromData,0xFF1D04C4,EVENTPROC
FA_GetImageThermometerAdcData,0xFF1CF82C,EVENTPROC
FA_GetIcuCheckSum,0xFF1CEB20,EVENTPROC
FA_DISP_Start100White,0xFF1D10C4,EVENTPROC
FA_DISP_End100White,0xFF1D10FC,EVENTPROC
FA_DISP_Start50Gray,0xFF1D112C,EVENTPROC
FA_DISP_End50Gray,0xFF1D1164,EVENTPROC
FA_DISP_StartMix,0xFF1D1318,EVENTPROC
FA_DISP_EndColor,0xFF1D12E8,EVENTPROC
FA_DISP_SetBrightness,0xFF1D1358,EVENTPROC
FA_DISP_COM_SetCamera,0xFF1D1364,EVENTPROC
FA_DISP_LightMeasure,0xFF1D1450,EVENTPROC
FA_StartLiveView,0xFF1CFE00,EVENTPROC
FA_StopLiveView,0xFF1CFE30,EVENTPROC
FA_GetPITimeData,0xFF1CFEBC,EVENTPROC
FA_IncreaseGap,0xFF195E18,EVENTPROC
FA_DecreaseGap,0xFF195E78,EVENTPROC
FA_GuiFactoryClearResult,0xFF1951A8,EVENTPROC
FA_ShowResult,0xFF194E1C,EVENTPROC
FA_SetTouchTestTime,0xFF193BCC,EVENTPROC
FA_SetTouchIntervalTime,0xFF193BDC,EVENTPROC
FA_Get_DispDial_Result,0xFF1954C8,EVENTPROC
FA_Get_AccTest_Result,0xFF195498,EVENTPROC
FA_SendAccStartCommand,0xFF195D5C,EVENTPROC
FA_Get_DispDial_Table,0xFF195294,EVENTPROC
FA_Get_AccTest_Table,0xFF19534C,EVENTPROC
FA_StartLvTestImage,0xFF1D00B8,EVENTPROC
FA_StopLvTestImage,0xFF1D0104,EVENTPROC
FA_StartLvTestExposureImage,0xFF1D0144,EVENTPROC
FA_StopLvTestExposureImage,0xFF1D0190,EVENTPROC
FA_SetLvProjectionMode,0xFF1D0B90,EVENTPROC
FA_LvJpegCheck,0xFF1D0B60,EVENTPROC
FA_GetJpegSizeForLV,0xFF255EA4,EVENTPROC
FA_GetJpegBufForLV,0xFF255E98,EVENTPROC
FA_SetContinuasCaptureForIso,0xFF1D0358,EVENTPROC
FA_SetContinuasCaptureForAccum,0xFF1D0224,EVENTPROC
FA_SetContinuasCaptureForIsoAccum,0xFF1D0310,EVENTPROC
FA_SetLvCaptureStartFrame,0xFF1D0390,EVENTPROC
FA_LvDefectMaxCountFull,0xFF1D0FA0,EVENTPROC
FA_LvDetectDefectsFull,0xFF1D0FA8,EVENTPROC
FA_LvDefectMaxCountMagnify,0xFF1D0FE0,EVENTPROC
FA_LvDetectDefectsMagnify,0xFF1D0FE8,EVENTPROC
FA_LvMargeDefectsMagnify,0xFF1D1020,EVENTPROC
FA_GetLvDetectDefectsNumFull,0xFF1D0FDC,EVENTPROC
FA_GetLvDetectDefectsNumMagnify,0xFF1D101C,EVENTPROC
FA_GetLvDefMaergeCountMagnify,0xFF1D1054,EVENTPROC
FA_SetLvDefectMaxCountMovieCrop,0xFF1D1060,EVENTPROC
FA_GetLvDefMaxCountMovieCrop,0xFF1D109C,EVENTPROC
FA_LvDetectDefectsMovieCrop,0xFF1D1068,EVENTPROC
FA_YuvSsDevelopTestImage,0xFF1D03A4,EVENTPROC
FA_RegisterPostNextCBR,0xFF1CF38C,EVENTPROC
FA_UnregisterPostNextCBR,0xFF1CF3A0,EVENTPROC
FA_DarkAdjAutoExecute,0xFF1D18FC,EVENTPROC
FA_DarkCheckAutoExecutePP,0xFF1D2C94,EVENTPROC
FA_DarkCheckAutoExecuteCH,0xFF1D324C,EVENTPROC
FA_LvDarkAdjAutoExecute,0xFF1D33A4,EVENTPROC
FA_LvDarkCheckAutoExecutePP,0xFF1D56B4,EVENTPROC
FA_LvDarkCheckAutoExecuteCH,0xFF1D58FC,EVENTPROC
FA_DarkLevelCheckAutoExecute,0xFF1D5B68,EVENTPROC
FA_ChkAssembly,0xFF1D5E4C,EVENTPROC
FA_SetMacAddress,0xFF1D5E68,EVENTPROC
FA_WriteMem1File,0xFF1CFD68,EVENTPROC
FA_WriteMem1File2,0xFF1CFD84,EVENTPROC
FA_WriteYuvFile,0xFF1CFDA4,EVENTPROC
FA_GetSoundLevel,0xFF11CD1C,EVENTPROC
DDDDDDDDDDDDDDDDDDDDDDDDDDDDDDDDDDDDDDDDDDDDDDDD,0xFFB1A10C,EVENTPROC
DDDDDDDDDDDDDDDDDDDDDDDDDDDDDDDDDDDDDDDDDDDDDDDD,0xFFB19B6F,EVENTPROC
DDDDDDDDDDDDDDDDDDDDDDDDDDDDDDDDDDDDDDDDDDDDDDDD,0xFFB19537,EVENTPROC
MonOpen,0xFF1CDDB0,EVENTPROC
MonClose,0xFF1CDDB4,EVENTPROC
MonRead,0xFF1CDDB8,EVENTPROC
MonWrite,0xFF1CDE34,EVENTPROC
MonCall,0xFF1CDE54,EVENTPROC
FA_TestMonRead,0xFF1CDE64,EVENTPROC
FA_TestMonCall,0xFF1CE08C,EVENTPROC
FA_TestMonReadAndWrite,0xFF1CDF84,EVENTPROC
PTPSetSessionID,0xFF2A0014,EVENTPROC
LughDisconnect,0xFF2AE53C,EVENTPROC
LughPowerOn,0xFF2AE518,EVENTPROC
SetPrintAngelParam,0xFF2BAD04,EVENTPROC
SetPrintPonyParam,0xFF2BAD14,EVENTPROC
SetSfrDevelopParam,0xFF2BAD24,EVENTPROC
FA_SetProperty,0xFF4A6EC0,EVENTPROC
FA_SetProperty32,0xFF4A6F98,EVENTPROC
FA_ClearBitProperty32,0xFF4A6FBC,EVENTPROC
FA_SeBitProperty32,0xFF4A711C,EVENTPROC
FA_GetPropertyAddress,0xFF4A7204,EVENTPROC
FA_LoadProperty,0xFF4A77B4,EVENTPROC
FA_AddProperty,0xFF4A77F8,EVENTPROC
FA_DeleteProperty,0xFF4A7880,EVENTPROC
FA_SetSavePropertyListNum,0xFF4A7440,EVENTPROC
FA_RegistSavePropertyList,0xFF4A748C,EVENTPROC
FA_WaitSavePropertyList,0xFF4A758C,EVENTPROC
FA_SavePropertyList,0xFF4A75A4,EVENTPROC
FA_GetTuneDataPropertyList,0xFF4A7930,EVENTPROC
FA_GetPropertyDataSize,0xFF4A71A0,EVENTPROC
FA_DebugShdData,0xFF4A7DA4,EVENTPROC
FA_SetCRawBitNum,0xFF4A7F2C,EVENTPROC
FA_SetDarkLevelValue,0xFF4A7F54,EVENTPROC
FA_SetShadingProductionValue,0xFF4A7F54,EVENTPROC
FA_SetProjectionMode,0xFF4A7FF8,EVENTPROC
FA_SetChannelNum,0xFF4A8024,EVENTPROC
FA_SetBayerComponent,0xFF4A804C,EVENTPROC
FA_SetHProjectionRange,0xFF4A8074,EVENTPROC
FA_GetDetectDefCount,0xFF4A824C,EVENTPROC
FA_SetHLinePixelNum,0xFF4A8270,EVENTPROC
FA_SetMergeDefParameter,0xFF4A829C,EVENTPROC
FA_GetMergeDefCount,0xFF4A82E0,EVENTPROC
FAC_SetupDigitalPropertyData,0xFF4AAD08,EVENTPROC
FA_GetDigitalPropertyDataOffset,0xFF4AAD74,EVENTPROC
FA_GetDigitalPropertyRegisterData,0xFF4AADA8,EVENTPROC
FA_SetDigitalPropertyRegisterData,0xFF4AAE48,EVENTPROC
FA_AddDigitalPropertyRegisterData,0xFF4AAF50,EVENTPROC
FA_CheckDigitalPropertyArray,0xFF4AAFA4,EVENTPROC
FA_SubtractTestImage,0xFF4A8304,EVENTPROC
FA_MaxSelectTestImage,0xFF4A84E8,EVENTPROC
FA_DefectsTestImage,0xFF4A85BC,EVENTPROC
FA_GetObInteg,0xFF4A89E0,EVENTPROC
FA_ZeroFillTestImage,0xFF4A9604,EVENTPROC
FA_ZeroFillTestImageXY,0xFF4A96AC,EVENTPROC
FA_HShadingGapCheckOnChannel,0xFF4A9108,EVENTPROC
FA_HShadingGapCheckAllChannel,0xFF4A9170,EVENTPROC
FA_HShadingGapCheckEitherSide,0xFF4A91D4,EVENTPROC
FA_HShadingGapCheckOnChannelForTwoline,0xFF4A9344,EVENTPROC
FA_HShadingGapCheckAllChannelForTwoline,0xFF4A93B0,EVENTPROC
FA_HShadingGapCheckEitherSideForTwoline,0xFF4A9418,EVENTPROC
FA_EnableLinearOffset,0xFF4A9894,EVENTPROC
FA_DisableLinearOffset,0xFF4A98B4,EVENTPROC
FA_EnableFnoCorrect,0xFF4A98D4,EVENTPROC
FA_DisableFnoCorrect,0xFF4A98F4,EVENTPROC
FA_EnableAccumGain,0xFF4A9914,EVENTPROC
FA_DisableAccumGain,0xFF4A991C,EVENTPROC
FA_EnableLtkids,0xFF4A9924,EVENTPROC
FA_DisableLtkids,0xFF4A9934,EVENTPROC
FA_SaveWbFix,0xFF4A9CB0,EVENTPROC
FA_ReverseAdjust,0xFF4A9CE8,EVENTPROC
FA_GetReverseAdjustSum,0xFF4A9D68,EVENTPROC
FA_GetWbCoef,0xFF4AA050,EVENTPROC
FA_GetSsWbCoef,0xFF4AA06C,EVENTPROC
FA_UseAdjustDevelopParam,0xFF4AA188,EVENTPROC
FA_UseAdjustSsDevelopParam,0xFF4AA1BC,EVENTPROC
FA_YuvDevelopTestImage,0xFF4AA204,EVENTPROC
FA_GetYuvSsDevelopParam,0xFF4AA1EC,EVENTPROC
FA_CreateClrAdjustShootingInfo,0xFF4AA458,EVENTPROC
FA_SecDifficult,0xFF326394,EVENTPROC
FA_MacSelfCheck,0xFF325CA8,EVENTPROC
FA_GetSecCheckData,0xFF2C1F18,EVENTPROC
FA_GetTotalSizeOfMemory,0xFF4A7D44,EVENTPROC
FA_RecordSound,0xFF316C14,EVENTPROC
FA_GetSoundLevel,0xFF11CD1C,EVENTPROC
FA_GetFileData,0xFF4AE014,EVENTPROC
FA_GetFileSize,0xFF4ADE44,EVENTPROC
FA_DeleteFile,0xFF4AE110,EVENTPROC
FA_FormatDrive,0xFF4AE290,EVENTPROC
FA_GetCameraLogEnd,0xFF2C1F88,EVENTPROC
PrepareCommunication,0xFF317A2C,EVENTPROC
SetWiFiEnable,0xFF317A58,EVENTPROC
GetProtocolVersion,0xFF317A7C,EVENTPROC
GetProductFeatures,0xFF317AB0,EVENTPROC
GetFirmwareVersion,0xFF317AF4,EVENTPROC
GetMacAddress,0xFF317B3C,EVENTPROC
StartOperatingStatus,0xFF317B40,EVENTPROC
StartFileStatus,0xFF317B44,EVENTPROC
CUInitialize,0xFF348CA8,EVENTPROC
CUTerminate,0xFF348CAC,EVENTPROC
CUStart,0xFF348CB0,EVENTPROC
CUStop,0xFF348D14,EVENTPROC
CUSetBuffer,0xFF348D2C,EVENTPROC
CUSetMode,0xFF348D44,EVENTPROC
CUCreateTask,0xFF348D4C,EVENTPROC
CUSetPrint,0xFF348D84,EVENTPROC
CUPrintSummary,0xFF348DA0,EVENTPROC
CUPrintDetail,0xFF348DB4,EVENTPROC
CUPrintTSMonitor,0xFF348D00,EVENTPROC
EnterIsoSpeedAdjustmentMode,0xFF35B3DC,EVENTPROC
ExitIsoSpeedAdjustmentMode,0xFF35B3F8,EVENTPROC
SetVShadingDataType,0xFF35B430,EVENTPROC
TftDconOn,0xFF134E98,EVENTPROC
PreDispTest,0xFF139E84,EVENTPROC
TFTVariangle,0xFF13A198,EVENTPROC
KDISP_DEBUG,0xFF13A1C8,EVENTPROC
KKDISP_DEBUG,0xFF13A1D8,EVENTPROC
KKKDISP_DEBUG,0xFF13A1E8,EVENTPROC
IsTouching,0xFF13A2C4,EVENTPROC
StartTouchPanel,0xFF13A2E8,EVENTPROC
StopTouchPanel,0xFF13A2F8,EVENTPROC
SetTestMode,0xFF13A308,EVENTPROC
ChangeThresholdRate,0xFF230BF8,EVENTPROC
ViewThresholdRate,0xFF230C1C,EVENTPROC
OpenSession,0xFF29CD88,EVENTPROC
CloseSession,0xFF29CDA0,EVENTPROC
Create100White,0xFF32AF38,EVENTPROC
Create50White,0xFF32B080,EVENTPROC
DeleteWhite,0xFF32B100,EVENTPROC
CreateColor,0xFF32B138,EVENTPROC
DeleteColor,0xFF32B100,EVENTPROC
CreateMixColor,0xFF32BAB4,EVENTPROC
TestLcd,0xFF32BE2C,EVENTPROC
EnableFilter,0xFF32C464,EVENTPROC
DisableFilter,0xFF32C478,EVENTPROC
EnableFilterForHDMI,0xFF32C48C,EVENTPROC
DisableFilterForHDMI,0xFF32C4A0,EVENTPROC
SetDisplayType,0xFF32C554,EVENTPROC
SetBL,0xFF32C568,EVENTPROC
SetBacklightLevelWithDutyRatio,0xFF32C57C,EVENTPROC
MuteOn,0xFF32C594,EVENTPROC
MuteOff,0xFF32C5DC,EVENTPROC
FlushBmp,0xFF32C628,EVENTPROC
MuteOnImage,0xFF13ACA4,EVENTPROC
MuteOffImage,0xFF13AC80,EVENTPROC
DISP_StartMix,0xFF32D7EC,EVENTPROC
ReverseTFT,0xFF13B410,EVENTPROC
MirrorTFT,0xFF13B448,EVENTPROC
NormalTFT,0xFF13B480,EVENTPROC
DispLockStart,0xFF137D40,EVENTPROC
DispLockStop,0xFF137D64,EVENTPROC
StartTPLog,0xFF3358F4,EVENTPROC
TCH_SimpleCheck,0xFF3353A8,EVENTPROC
TCH_SetDeltaRawValue,0xFF3354E8,EVENTPROC
TCH_SetOpe2SysTime,0xFF335430,EVENTPROC
TCH_SetMutualGlobaliDacValue,0xFF335550,EVENTPROC
TCH_SetMutualLocaliDacValue,0xFF335588,EVENTPROC
TCH_SetMutualGainValue,0xFF3355C4,EVENTPROC
TCH_SetMutualRawCountsValue,0xFF3355EC,EVENTPROC
TCH_SetMutualDifferenceCountsValue,0xFF335628,EVENTPROC
TCH_SetGlobaliDacValueForSelfScan,0xFF335664,EVENTPROC
TCH_SetGainParamForSelfScan,0xFF3356A0,EVENTPROC
TCH_SetLocaliDacValueForSelfScan,0xFF3356BC,EVENTPROC
TCH_SetBaselineValueForSelfScan,0xFF33584C,EVENTPROC
TCH_SetRawCountsValueForSelfScan,0xFF335884,EVENTPROC
TCH_SelfBaseRawAverageForSelfScan,0xFF3358BC,EVENTPROC
TCH_WriteData,0xFF335BF4,EVENTPROC
TCH_ReadData,0xFF335C38,EVENTPROC
FA_ExtFlashTest,0xFF383A60,EVENTPROC
FA_FlashTest,0xFF383A68,EVENTPROC
GuiGraphicsAllocateMemory,0xFF3C8B4C,EVENTPROC
AdjTouchMove,0xFF3C8474,EVENTPROC
WriteJpegToCard,0xFF3C84B4,EVENTPROC
GDOption,0xFF3C850C,EVENTPROC
ShowGraphicsCT,0xFF3C8538,EVENTPROC
EightImages,0xFF3C88B8,EVENTPROC
ChgBackGrd,0xFF3C84E0,EVENTPROC
SetupGraphcisTSM,0xFF3C8900,EVENTPROC
FinishGraphcisTSM,0xFF3C8974,EVENTPROC
LvCFilSaveJpeg,0xFF530854,EVENTPROC
LvCFilSetJpeg,0xFF5308BC,EVENTPROC
LvCFilSendJpeg,0xFF5308CC,EVENTPROC
